{"cameraMode":{"drawMode":0,"name":"Shaded","section":"Shading Mode"},"sceneLighting":true,"audioPlay":false,"sceneViewState":{"m_AlwaysRefresh":false,"showFog":true,"showSkybox":true,"showFlares":true,"showImageEffects":true,"showParticleSystems":true,"showVisualEffectGraphs":true,"m_FxEnabled":true},"in2DMode":false,"pivot":{"x":2.393827199935913,"y":-0.19501353800296784,"z":1.6741490364074708},"rotation":{"x":0.06538859009742737,"y":0.7561206221580505,"z":-0.07649081945419312,"w":0.6465394496917725},"size":1.0151513814926148,"orthographic":false}